Men,MP3000,CSST,L,76997,10,202406030665
Men,JMTL3000,CBK,XS,64429,15,202406037869
Women,JWTL3000,CNVY,L,69829,18,202406037104
Kids,JJJJ3000,CSST,2XL,12877,18,202406036684
Kids,JJJJ1000,CSST,2XL,15775,11,202406041488
Men,AMS2000,CSST,XS,29832,18,202406038430
Women,JWTL1000,CBK,M,98892,19,202406031118
Men,JMPL3000,CBK,S,40339,19,202406037488
Women,AWP3000,CBK,XS,84588,16,202406037304
Men,MS2000,CNVY,XS,77984,20,202406030594
Kids,JJJJ1000,CWT,XL,5015,20,202406030627
Women,JWPL3000,CNVY,L,89550,18,202406032929
Women,AWT2000,CSST,XS,16193,20,202406031263
Kids,JJJJ2000,CNVY,XL,97781,12,202406040270
Kids,JJJJ1000,CNVY,XS,50895,14,202406038551
Men,MT1000,CWT,S,99634,16,202406036259
Kids,JJJJ1000,CBK,XL,96324,17,202406034730
Kids,JJJJ3000,CWT,L,1236,15,202406035402
Women,AWP1000,CWT,XS,51642,16,202406031355
Men,AMJ2000,CNVY,S,65759,12,202406033548
Women,AWP2000,CNVY,XS,78810,11,202406041567
Kids,JJJJ2000,CCMO,L,10637,15,202406030545
Men,JMPL2000,CNVY,XS,67650,18,202406032016
Men,MP2000,CWT,2XL,54247,15,202406038838
Kids,JJJJ1000,CSST,S,6625,13,202406037106
Women,WT2000,CNVY,XS,2445,20,202406030549
Women,JWTL3000,CNVY,2XL,16214,17,202406039578
Women,AWT2000,CCMO,XS,65924,12,202406039220
Kids,JJJJ3000,CBK,L,31458,12,202406031667
Men,AMS3000,CWT,S,90216,15,202406032634
